City_ID,City,Lat,Lng,Max Temp,Humidity,Cloudiness,Wind Speed,Country,Date
0,east london,-33.0153,27.9116,295.67,60,0,8.75,ZA,Mon Oct  2 10:51:49 2023
1,papatowai,-46.5619,169.4708,276.74,79,69,3.02,NZ,Mon Oct  2 10:51:55 2023
2,blackmans bay,-43.0167,147.3167,282.22,66,0,4.23,AU,Mon Oct  2 10:51:55 2023
3,stanley,54.868,-1.6985,287.75,81,20,2.57,GB,Mon Oct  2 10:48:29 2023
4,polyarnyy,69.1989,33.4478,276.43,66,80,4.7,RU,Mon Oct  2 10:51:55 2023
5,homer,59.6425,-151.5483,282.08,88,100,2.06,US,Mon Oct  2 10:47:27 2023
6,puerto natales,-51.7236,-72.4875,279.4,61,100,7.2,CL,Mon Oct  2 10:51:56 2023
7,port-aux-francais,-49.35,70.2167,274.01,61,100,15.58,TF,Mon Oct  2 10:51:56 2023
8,valparaiso,-33.0393,-71.6273,289.26,69,40,2.06,CL,Mon Oct  2 10:51:56 2023
9,west island,-12.1568,96.8225,298.14,78,86,10.29,CC,Mon Oct  2 10:51:56 2023
10,korla,41.7597,86.1469,293.08,29,78,2.51,CN,Mon Oct  2 10:51:56 2023
11,motygino,58.1831,94.7592,276.92,54,100,4.47,RU,Mon Oct  2 10:51:56 2023
12,freeport,40.6576,-73.5832,297.09,70,0,6.69,US,Mon Oct  2 10:51:56 2023
13,hermanus,-34.4187,19.2345,291.83,65,0,1.98,ZA,Mon Oct  2 10:51:56 2023
14,carnarvon,-24.8667,113.6333,291.25,64,0,10.54,AU,Mon Oct  2 10:51:56 2023
15,beaufort west,-32.3567,22.583,304.23,10,0,6.97,ZA,Mon Oct  2 10:51:57 2023
16,iqaluit,63.7506,-68.5145,277.0,86,75,5.14,CA,Mon Oct  2 10:51:57 2023
17,ko pha ngan,9.7578,100.0291,297.53,75,100,5.58,TH,Mon Oct  2 10:51:57 2023
18,waitangi,-43.9535,-176.5597,283.61,88,100,5.81,NZ,Mon Oct  2 10:51:57 2023
19,tiksi,71.6872,128.8694,269.83,89,100,3.68,RU,Mon Oct  2 10:51:57 2023
20,thompson,55.7435,-97.8558,276.24,100,100,1.54,CA,Mon Oct  2 10:51:57 2023
21,nabire,-3.3667,135.4833,298.08,92,100,1.93,ID,Mon Oct  2 10:51:57 2023
22,budva,42.2864,18.84,300.29,53,0,2.06,ME,Mon Oct  2 10:51:57 2023
23,port saint john's,-31.6229,29.5448,294.23,67,0,10.33,ZA,Mon Oct  2 10:51:57 2023
24,paragominas,-2.9667,-47.4833,310.24,32,67,2.38,BR,Mon Oct  2 10:51:58 2023
25,kaohsiung,22.6163,120.3133,301.12,81,40,2.57,TW,Mon Oct  2 10:51:58 2023
26,olonkinbyen,70.9221,-8.7187,275.84,89,100,8.24,SJ,Mon Oct  2 10:51:58 2023
27,udachny,66.4167,112.4,268.4,85,13,2.64,RU,Mon Oct  2 10:51:58 2023
28,carauari,-4.8828,-66.8958,310.63,38,54,0.29,BR,Mon Oct  2 10:51:58 2023
29,port elizabeth,-33.918,25.5701,296.1,61,0,6.69,ZA,Mon Oct  2 10:51:58 2023
30,belomorsk,64.5232,34.7668,279.24,81,37,1.96,RU,Mon Oct  2 10:51:58 2023
31,ta`u,-14.2336,-169.5144,299.78,79,99,11.37,AS,Mon Oct  2 10:51:58 2023
32,ylivieska,64.0833,24.55,284.44,82,100,1.74,FI,Mon Oct  2 10:51:58 2023
33,sitka,57.0531,-135.33,285.09,82,100,5.14,US,Mon Oct  2 10:51:59 2023
34,uturoa,-16.7333,-151.4333,299.03,81,12,5.78,PF,Mon Oct  2 10:51:59 2023
35,westport,41.1415,-73.3579,296.37,68,0,3.6,US,Mon Oct  2 10:50:03 2023
36,puerto ayora,-0.7393,-90.3518,300.13,100,99,0.89,EC,Mon Oct  2 10:51:59 2023
37,codrington,-38.2667,141.9667,294.97,38,67,8.57,AU,Mon Oct  2 10:51:59 2023
38,sorong,-0.8833,131.25,299.36,86,100,2.2,ID,Mon Oct  2 10:51:59 2023
39,chonchi,-42.6128,-73.8092,281.71,64,25,0.28,CL,Mon Oct  2 10:51:59 2023
40,posto fiscal rolim de moura,-13.0833,-62.2667,311.13,31,92,2.33,BR,Mon Oct  2 10:51:59 2023
41,itambacuri,-18.0311,-41.685,302.9,50,100,2.72,BR,Mon Oct  2 10:51:59 2023
42,yuzhno-kurilsk,44.0306,145.8556,287.8,74,9,4.23,RU,Mon Oct  2 10:51:59 2023
43,nemuro,43.3236,145.575,286.42,76,2,8.8,JP,Mon Oct  2 10:52:00 2023
44,punta arenas,-53.15,-70.9167,278.16,70,100,3.6,CL,Mon Oct  2 10:49:28 2023
45,kwang binh,17.4833,106.6,300.18,85,43,1.24,VN,Mon Oct  2 10:52:00 2023
46,enewetak,11.3474,162.3373,302.06,79,97,7.44,MH,Mon Oct  2 10:52:00 2023
47,tofol,5.3248,163.0078,301.63,71,27,0.26,FM,Mon Oct  2 10:52:00 2023
48,mount pearl,47.5166,-52.7813,287.84,88,75,1.54,CA,Mon Oct  2 10:52:00 2023
49,edinburgh of the seven seas,-37.0676,-12.3116,282.76,62,86,12.49,SH,Mon Oct  2 10:52:00 2023
50,castillos,-34.1667,-53.8333,289.91,62,0,2.15,UY,Mon Oct  2 10:52:00 2023
51,albany,42.6001,-73.9662,294.15,72,14,0.45,US,Mon Oct  2 10:51:16 2023
52,katipunan,7.5825,122.8306,299.39,84,100,1.96,PH,Mon Oct  2 10:52:00 2023
53,labasa,-16.4167,179.3833,295.1,86,100,4.25,FJ,Mon Oct  2 10:52:01 2023
54,olds,51.7834,-114.102,276.4,100,100,1.03,CA,Mon Oct  2 10:52:01 2023
55,gunjur,13.2019,-16.7339,307.19,59,75,3.09,GM,Mon Oct  2 10:52:01 2023
56,el alto,-4.2714,-81.2147,294.96,60,16,7.32,PE,Mon Oct  2 10:52:01 2023
57,capao da canoa,-29.7456,-50.0097,289.65,58,0,4.59,BR,Mon Oct  2 10:50:05 2023
58,sidi ifni,29.3797,-10.173,313.01,43,37,2.71,MA,Mon Oct  2 10:52:01 2023
59,bikenibeu village,1.3673,173.1241,302.13,79,20,2.06,KI,Mon Oct  2 10:52:01 2023
60,kisanga,-7.4362,37.7034,305.36,32,42,2.74,TZ,Mon Oct  2 10:52:01 2023
61,whitehorse,60.7161,-135.0538,278.58,86,75,5.66,CA,Mon Oct  2 10:49:31 2023
62,ushuaia,-54.8,-68.3,277.94,65,40,2.57,AR,Mon Oct  2 10:52:02 2023
63,grytviken,-54.2811,-36.5092,275.36,98,100,5.06,GS,Mon Oct  2 10:52:02 2023
64,boulsa,12.6675,-0.5758,308.17,38,78,3.46,BF,Mon Oct  2 10:52:02 2023
65,adamstown,-25.066,-130.1015,293.14,77,21,10.63,PN,Mon Oct  2 10:52:02 2023
66,hawaiian paradise park,19.5933,-154.9731,295.39,95,40,2.06,US,Mon Oct  2 10:52:02 2023
67,yellowknife,62.456,-114.3525,277.82,100,75,1.54,CA,Mon Oct  2 10:52:02 2023
68,illapel,-31.6308,-71.1653,289.5,59,100,3.06,CL,Mon Oct  2 10:52:02 2023
69,lihue,21.9789,-159.3672,295.73,88,40,0.0,US,Mon Oct  2 10:52:02 2023
70,huarmey,-10.0681,-78.1522,294.42,78,30,4.17,PE,Mon Oct  2 10:52:02 2023
71,lompoc,34.6391,-120.4579,285.7,88,75,1.54,US,Mon Oct  2 10:47:32 2023
72,lebu,-37.6167,-73.65,284.83,77,83,3.19,CL,Mon Oct  2 10:52:03 2023
73,inarajan village,13.2736,144.7484,301.69,93,32,5.1,GU,Mon Oct  2 10:52:03 2023
74,urganch,41.55,60.6333,290.12,55,0,0.0,UZ,Mon Oct  2 10:52:03 2023
75,ribeira grande,38.5167,-28.7,295.37,56,20,5.14,PT,Mon Oct  2 10:52:03 2023
76,badger,64.8,-147.5333,274.25,93,100,2.57,US,Mon Oct  2 10:52:03 2023
77,quimili,-27.6333,-62.4167,303.03,23,0,6.95,AR,Mon Oct  2 10:49:20 2023
78,fale old settlement,-9.3852,-171.2468,300.73,78,60,2.51,TK,Mon Oct  2 10:52:03 2023
79,auki,-8.7676,160.7034,298.67,91,44,2.34,SB,Mon Oct  2 10:52:03 2023
80,avarua,-21.2078,-159.775,293.18,88,75,4.12,CK,Mon Oct  2 10:52:03 2023
81,aykhal,66.0,111.5,265.41,91,26,3.13,RU,Mon Oct  2 10:52:04 2023
82,alofi,-19.0595,-169.9187,295.09,64,75,7.72,NU,Mon Oct  2 10:52:04 2023
83,baiao,-2.7906,-49.6717,310.33,34,93,1.94,BR,Mon Oct  2 10:52:04 2023
84,linkoping,58.4109,15.6216,290.92,75,0,4.63,SE,Mon Oct  2 10:52:04 2023
85,port mathurin,-19.6833,63.4167,296.77,86,55,6.31,MU,Mon Oct  2 10:52:04 2023
86,sur,22.5667,59.5289,302.61,63,48,0.6,OM,Mon Oct  2 10:52:04 2023
87,phan rang-thap cham,11.5667,108.9833,298.25,92,99,1.61,VN,Mon Oct  2 10:52:04 2023
88,papao,-17.75,-149.55,296.97,83,40,9.21,PF,Mon Oct  2 10:52:04 2023
89,bonito,-21.1211,-56.4819,310.85,28,22,4.14,BR,Mon Oct  2 10:52:05 2023
90,uacu cungo,-11.3634,15.1208,303.67,31,75,2.52,AO,Mon Oct  2 10:52:05 2023
91,port lincoln,-34.7333,135.8667,286.98,74,68,6.49,AU,Mon Oct  2 10:52:05 2023
92,broken hill,-31.95,141.4333,300.81,21,100,11.01,AU,Mon Oct  2 10:52:05 2023
93,paracuru,-3.41,-39.0306,301.54,54,82,6.57,BR,Mon Oct  2 10:52:05 2023
94,afaahiti,-17.75,-149.2833,296.08,88,73,8.46,PF,Mon Oct  2 10:52:05 2023
95,maragogi,-9.0122,-35.2225,300.62,61,2,4.41,BR,Mon Oct  2 10:52:05 2023
96,sisimiut,66.9395,-53.6735,276.17,57,95,1.49,GL,Mon Oct  2 10:52:05 2023
97,colonia,50.9333,6.95,302.57,52,0,2.57,DE,Mon Oct  2 10:52:05 2023
98,sao jose da coroa grande,-8.8978,-35.1478,300.88,59,2,4.06,BR,Mon Oct  2 10:52:06 2023
99,arica,-18.475,-70.3042,292.28,72,100,3.09,CL,Mon Oct  2 10:52:06 2023
100,mandasa,18.8667,84.4667,300.18,91,100,3.63,IN,Mon Oct  2 10:52:06 2023
101,arno,60.1167,18.6333,286.36,89,100,3.72,SE,Mon Oct  2 10:52:06 2023
102,mastic beach,40.7668,-72.8521,295.43,78,0,4.47,US,Mon Oct  2 10:52:06 2023
103,arteche,12.2645,125.4048,300.7,77,93,4.59,PH,Mon Oct  2 10:52:06 2023
104,longyearbyen,78.2186,15.6401,271.06,64,75,8.75,SJ,Mon Oct  2 10:52:06 2023
105,ishigaki,24.3448,124.1572,301.22,78,100,9.77,JP,Mon Oct  2 10:52:06 2023
106,igarka,67.4667,86.5833,273.32,98,100,9.55,RU,Mon Oct  2 10:52:06 2023
107,hithadhoo,-0.6,73.0833,301.3,73,7,5.67,MV,Mon Oct  2 10:52:07 2023
108,kirkwall,58.9848,-2.9587,286.18,82,75,3.09,GB,Mon Oct  2 10:52:07 2023
109,sola,-13.8833,167.55,298.8,83,96,11.67,VU,Mon Oct  2 10:52:07 2023
110,puerto baquerizo moreno,-0.9,-89.6,296.7,88,75,4.63,EC,Mon Oct  2 10:52:07 2023
111,illizi,26.4833,8.4667,309.04,13,1,5.26,DZ,Mon Oct  2 10:52:07 2023
112,bilibino,68.0546,166.4372,268.68,100,98,1.52,RU,Mon Oct  2 10:52:07 2023
113,guerrero negro,27.9769,-114.0611,292.32,60,39,7.18,MX,Mon Oct  2 10:52:07 2023
114,susuman,62.7833,148.1667,271.47,82,10,1.34,RU,Mon Oct  2 10:52:07 2023
115,isafjordur,66.0755,-23.124,278.17,70,75,7.2,IS,Mon Oct  2 10:52:07 2023
116,pitkyaranta,61.5734,31.4792,281.77,89,44,2.0,RU,Mon Oct  2 10:52:08 2023
117,praia da vitoria,38.7333,-27.0667,295.79,68,40,5.25,PT,Mon Oct  2 10:52:08 2023
118,zhosaly,45.4878,64.0781,290.78,35,0,3.03,KZ,Mon Oct  2 10:52:08 2023
119,iskateley,67.6803,53.1512,280.38,92,100,6.71,RU,Mon Oct  2 10:52:08 2023
120,hadibu,12.65,54.0333,300.83,77,73,0.82,YE,Mon Oct  2 10:52:08 2023
121,cumnock,55.4544,-4.2664,288.48,80,100,4.92,GB,Mon Oct  2 10:52:08 2023
122,leme,-22.1856,-47.3903,299.96,59,82,2.77,BR,Mon Oct  2 10:52:08 2023
123,katsuren-haebaru,26.3369,127.8719,300.58,96,40,7.2,JP,Mon Oct  2 10:52:08 2023
124,puerto madryn,-42.7692,-65.0385,288.04,56,100,7.12,AR,Mon Oct  2 10:48:30 2023
125,margaret river,-33.95,115.0667,285.98,61,100,8.46,AU,Mon Oct  2 10:52:09 2023
126,san antonio de pale,-1.4014,5.6325,298.45,86,100,6.01,GQ,Mon Oct  2 10:52:09 2023
127,holualoa,19.6228,-155.9522,295.06,79,0,3.13,US,Mon Oct  2 10:52:09 2023
128,vadso,70.0744,29.7487,277.64,81,75,3.6,NO,Mon Oct  2 10:52:09 2023
129,saldanha,-33.0117,17.9442,296.18,68,0,7.48,ZA,Mon Oct  2 10:52:09 2023
130,qaqortoq,60.7167,-46.0333,279.21,49,99,1.7,GL,Mon Oct  2 10:52:09 2023
131,ola,59.5833,151.2833,279.49,78,18,4.89,RU,Mon Oct  2 10:52:09 2023
132,quelimane,-17.8786,36.8883,297.03,81,47,5.27,MZ,Mon Oct  2 10:52:09 2023
133,kodiak,57.79,-152.4072,279.88,81,100,7.2,US,Mon Oct  2 10:52:09 2023
134,weno,7.4515,151.8468,300.12,89,100,2.06,FM,Mon Oct  2 10:52:10 2023
135,atafu village,-8.5421,-172.5159,301.21,74,12,1.84,TK,Mon Oct  2 10:52:10 2023
136,kabo,7.6994,18.629,300.94,76,91,0.95,CF,Mon Oct  2 10:52:10 2023
137,puerto deseado,-47.7503,-65.8938,283.16,58,0,5.41,AR,Mon Oct  2 10:52:10 2023
138,kapuskasing,49.4169,-82.4331,293.2,83,75,7.72,CA,Mon Oct  2 10:52:10 2023
139,tolanaro,-25.0319,46.9987,292.19,82,75,5.14,MG,Mon Oct  2 10:52:10 2023
140,tazovsky,67.4667,78.7,279.51,96,100,7.34,RU,Mon Oct  2 10:52:10 2023
141,college,64.8569,-147.8028,274.3,91,100,2.57,US,Mon Oct  2 10:52:10 2023
142,bredasdorp,-34.5322,20.0403,295.98,44,0,3.73,ZA,Mon Oct  2 10:52:10 2023
143,uromi,6.7,6.3333,300.32,81,98,2.4,NG,Mon Oct  2 10:52:10 2023
144,aldama,22.9167,-98.0667,300.81,71,9,0.71,MX,Mon Oct  2 10:52:11 2023
145,keflavik,64.0049,-22.5624,284.1,71,0,12.35,IS,Mon Oct  2 10:52:11 2023
146,hamilton,39.1834,-84.5333,298.7,72,0,1.54,US,Mon Oct  2 10:51:14 2023
147,charles city,43.0664,-92.6724,297.58,61,0,5.14,US,Mon Oct  2 10:52:11 2023
148,ilulissat,69.2167,-51.1,272.16,51,0,1.54,GL,Mon Oct  2 10:52:11 2023
149,kikwit,-5.041,18.8162,302.54,60,36,3.8,CD,Mon Oct  2 10:52:11 2023
150,la paz,-16.5,-68.15,290.69,37,20,2.57,BO,Mon Oct  2 10:52:11 2023
151,port douglas,-16.4833,145.4667,296.07,86,34,4.42,AU,Mon Oct  2 10:50:31 2023
152,mulayjah,27.271,48.4242,306.45,22,0,4.22,SA,Mon Oct  2 10:52:11 2023
153,hatillo,18.4863,-66.8254,306.14,83,94,4.02,PR,Mon Oct  2 10:52:12 2023
154,nova sintra,14.8667,-24.7167,297.33,79,71,3.27,CV,Mon Oct  2 10:52:12 2023
155,chibougamau,49.9168,-74.3659,288.94,63,0,5.14,CA,Mon Oct  2 10:52:12 2023
156,mandiana,10.6333,-8.6833,303.94,59,100,1.34,GN,Mon Oct  2 10:52:12 2023
157,tura,25.5198,90.2201,296.63,97,34,1.75,IN,Mon Oct  2 10:52:12 2023
158,naze,28.3667,129.4833,298.66,81,88,9.25,JP,Mon Oct  2 10:52:12 2023
159,brookings,44.3114,-96.7984,297.25,63,100,5.14,US,Mon Oct  2 10:52:05 2023
160,bethel,41.3712,-73.414,295.74,69,0,3.09,US,Mon Oct  2 10:52:12 2023
161,nishinoomote,30.7333,131.0,298.08,58,9,8.2,JP,Mon Oct  2 10:52:12 2023
162,st. john's,47.5649,-52.7093,288.3,89,75,1.79,CA,Mon Oct  2 10:49:37 2023
163,taoudenni,22.6783,-3.9836,315.79,9,85,2.14,ML,Mon Oct  2 10:52:12 2023
164,pandan,14.0453,124.1694,301.26,80,100,6.25,PH,Mon Oct  2 10:52:13 2023
165,touros,-5.1989,-35.4608,303.09,57,46,7.11,BR,Mon Oct  2 10:52:13 2023
166,cidreira,-30.1811,-50.2056,289.88,59,0,4.36,BR,Mon Oct  2 10:52:13 2023
167,muravlenko,63.7898,74.523,283.24,83,100,9.39,RU,Mon Oct  2 10:52:13 2023
168,agua preta,-8.7075,-35.5306,304.95,40,2,3.45,BR,Mon Oct  2 10:52:13 2023
169,feres,40.8956,26.17,297.84,38,20,7.2,GR,Mon Oct  2 10:52:13 2023
170,hailar,49.2,119.7,284.39,43,100,2.71,CN,Mon Oct  2 10:52:13 2023
171,birjand,32.8663,59.2211,300.41,9,0,5.14,IR,Mon Oct  2 10:52:13 2023
172,ma'rib,15.4591,45.3253,302.88,13,0,4.33,YE,Mon Oct  2 10:52:14 2023
173,kununurra,-15.7667,128.7333,299.14,69,45,2.57,AU,Mon Oct  2 10:52:14 2023
174,tual,-5.6667,132.75,299.79,89,21,6.68,ID,Mon Oct  2 10:52:14 2023
175,altai,46.3722,96.2583,276.6,70,94,0.8,MN,Mon Oct  2 10:52:14 2023
176,wanning,18.8003,110.3967,300.03,89,51,1.88,CN,Mon Oct  2 10:52:14 2023
177,brisas de zicatela,15.8369,-97.0419,302.1,74,99,0.38,MX,Mon Oct  2 10:52:14 2023
178,jamestown,42.097,-79.2353,293.46,83,4,0.45,US,Mon Oct  2 10:48:51 2023
179,hesla,24.0667,85.8833,298.08,93,30,2.39,IN,Mon Oct  2 10:52:14 2023
180,richards bay,-28.783,32.0377,293.53,54,0,6.6,ZA,Mon Oct  2 10:49:12 2023
181,chincha alta,-13.4099,-76.1323,292.48,71,38,3.86,PE,Mon Oct  2 10:52:14 2023
182,firmat,-33.4594,-61.4832,294.68,31,93,5.5,AR,Mon Oct  2 10:52:15 2023
183,copala,16.65,-98.9833,301.71,76,97,0.4,MX,Mon Oct  2 10:52:15 2023
184,argostolion,38.1811,20.489,300.79,42,20,2.57,GR,Mon Oct  2 10:52:15 2023
185,kapa'a,22.0752,-159.319,296.14,87,40,0.0,US,Mon Oct  2 10:52:15 2023
186,matlang,10.8902,124.4554,301.08,81,100,4.65,PH,Mon Oct  2 10:52:15 2023
187,otacilio costa,-27.4831,-50.1219,296.58,42,23,2.01,BR,Mon Oct  2 10:52:15 2023
188,kampene,-3.6,26.6667,305.31,46,100,1.05,CD,Mon Oct  2 10:52:15 2023
189,lycksele,64.5954,18.6735,278.08,100,100,3.6,SE,Mon Oct  2 10:52:15 2023
190,yokadouma,3.5167,15.05,297.77,92,91,1.49,CM,Mon Oct  2 10:52:15 2023
191,vorgashor,67.5833,63.95,281.59,91,100,7.94,RU,Mon Oct  2 10:52:15 2023
192,natal,-5.795,-35.2094,304.27,58,40,6.17,BR,Mon Oct  2 10:52:16 2023
193,ust-nera,64.5667,143.2,271.33,82,31,1.07,RU,Mon Oct  2 10:52:16 2023
194,utrik,11.2278,169.8474,301.8,79,71,6.73,MH,Mon Oct  2 10:52:16 2023
195,wailua homesteads,22.0669,-159.378,295.39,87,40,0.0,US,Mon Oct  2 10:52:16 2023
196,kolonia town,6.964,158.206,302.13,73,22,1.75,FM,Mon Oct  2 10:52:16 2023
197,badr hunayn,23.7829,38.7905,307.39,42,1,3.02,SA,Mon Oct  2 10:52:16 2023
198,invercargill,-46.4,168.35,277.05,78,13,1.24,NZ,Mon Oct  2 10:52:16 2023
199,rouissat,31.9243,5.3502,304.19,29,0,7.2,DZ,Mon Oct  2 10:52:16 2023
200,tucumcari,35.1717,-103.725,292.56,88,100,5.66,US,Mon Oct  2 10:52:16 2023
201,berdigestyakh,62.0989,126.6992,277.2,77,100,0.45,RU,Mon Oct  2 10:52:17 2023
202,cheremkhovo,53.1561,103.0675,276.65,66,95,1.34,RU,Mon Oct  2 10:52:17 2023
203,cabo san lucas,22.8909,-109.9124,302.46,64,8,2.68,MX,Mon Oct  2 10:50:28 2023
204,hassi messaoud,31.6804,6.0729,304.07,30,0,5.14,DZ,Mon Oct  2 10:52:17 2023
205,lerwick,60.1545,-1.1494,286.15,76,33,10.45,GB,Mon Oct  2 10:52:17 2023
206,kayangel,8.0823,134.7173,301.5,75,89,1.63,PW,Mon Oct  2 10:52:17 2023
207,zhanaozen,43.3,52.8,294.54,26,4,5.35,KZ,Mon Oct  2 10:52:17 2023
208,hoeilaart,50.7667,4.4667,299.9,58,0,3.6,BE,Mon Oct  2 10:52:17 2023
209,riverton,40.5219,-111.9391,284.73,81,100,2.68,US,Mon Oct  2 10:50:17 2023
210,cide,41.8921,33.0044,291.95,80,78,2.66,TR,Mon Oct  2 10:52:18 2023
211,vernon,50.2581,-119.2691,281.82,83,57,2.06,CA,Mon Oct  2 10:47:58 2023
212,djambala,-2.5447,14.7533,303.86,47,31,2.44,CG,Mon Oct  2 10:52:18 2023
213,krutinka,56.0055,71.5113,283.74,72,0,4.52,RU,Mon Oct  2 10:52:18 2023
214,santa cruz de tenerife,28.4682,-16.2546,306.93,36,0,5.14,ES,Mon Oct  2 10:51:22 2023
215,wenchang,30.904,118.4887,293.95,74,100,3.59,CN,Mon Oct  2 10:52:18 2023
216,alice springs,-23.7,133.8833,304.9,15,47,6.17,AU,Mon Oct  2 10:52:18 2023
217,salekhard,66.53,66.6019,282.07,79,51,4.47,RU,Mon Oct  2 10:52:18 2023
218,al jubayl,27.0112,49.6583,305.12,54,0,4.01,SA,Mon Oct  2 10:52:18 2023
219,georgetown,5.4112,100.3354,301.12,89,20,0.0,MY,Mon Oct  2 10:50:21 2023
220,thunder bay,48.4001,-89.3168,289.14,100,75,2.57,CA,Mon Oct  2 10:47:54 2023
221,jezowe,50.3749,22.1275,293.85,55,99,2.09,PL,Mon Oct  2 10:52:19 2023
222,inirida,3.8653,-67.9239,305.1,62,100,1.13,CO,Mon Oct  2 10:52:19 2023
223,kiunga,-6.1219,141.2906,296.5,99,100,0.49,PG,Mon Oct  2 10:52:19 2023
224,selfoss,63.9331,-20.9971,283.17,60,81,7.06,IS,Mon Oct  2 10:52:19 2023
225,ziro,27.6333,93.8333,288.36,96,77,0.52,IN,Mon Oct  2 10:52:19 2023
226,ephraim,39.3597,-111.5863,279.96,98,100,2.36,US,Mon Oct  2 10:52:19 2023
227,kone,-21.0595,164.8658,291.62,86,46,2.41,NC,Mon Oct  2 10:52:19 2023
228,tingi,-11.3,35.0333,300.01,31,92,3.53,TZ,Mon Oct  2 10:52:19 2023
229,muisne,0.6,-80.0333,298.47,81,100,4.76,EC,Mon Oct  2 10:52:19 2023
230,acapulco de juarez,16.8634,-99.8901,300.05,74,75,3.09,MX,Mon Oct  2 10:52:20 2023
231,nadym,65.5333,72.5167,283.14,91,100,8.67,RU,Mon Oct  2 10:52:20 2023
232,mhamid,29.82,-5.72,306.86,14,86,7.22,MA,Mon Oct  2 10:52:20 2023
233,monrovia,6.3005,-10.7969,303.02,79,43,5.0,LR,Mon Oct  2 10:52:20 2023
234,ulladulla,-35.35,150.4667,289.13,82,99,4.51,AU,Mon Oct  2 10:52:20 2023
235,guaruja,-23.9931,-46.2564,295.87,26,100,2.06,BR,Mon Oct  2 10:52:20 2023
236,hasaki,35.7333,140.8333,291.37,53,56,4.51,JP,Mon Oct  2 10:52:20 2023
237,zemio,5.0314,25.1361,298.65,87,100,2.33,CF,Mon Oct  2 10:52:20 2023
238,leava,-14.3,-178.1667,299.43,76,92,9.95,WF,Mon Oct  2 10:52:21 2023
239,dudinka,69.4058,86.1778,269.61,83,100,5.36,RU,Mon Oct  2 10:52:21 2023
240,anadyr,64.75,177.4833,275.43,74,0,8.0,RU,Mon Oct  2 10:52:21 2023
241,namibe,-15.1961,12.1522,294.67,70,9,5.05,AO,Mon Oct  2 10:52:21 2023
242,demopolis,32.5176,-87.8364,297.12,64,0,1.54,US,Mon Oct  2 10:52:21 2023
243,sinan,34.8262,126.1086,290.21,54,92,3.19,KR,Mon Oct  2 10:52:21 2023
244,ayabaca,-4.6398,-79.7149,283.92,41,13,2.72,PE,Mon Oct  2 10:52:21 2023
245,willowmore,-33.2926,23.4895,301.22,12,0,5.21,ZA,Mon Oct  2 10:52:21 2023
246,la gi,10.6667,107.7833,298.19,93,100,4.06,VN,Mon Oct  2 10:52:22 2023
247,bangjun,39.9911,117.2628,289.42,54,90,1.3,CN,Mon Oct  2 10:52:22 2023
248,crucecita,-28.95,-58.9833,296.74,30,0,3.9,AR,Mon Oct  2 10:52:22 2023
249,gap,44.6667,6.0,293.06,32,8,2.7,FR,Mon Oct  2 10:52:22 2023
250,kyren,51.6828,102.1408,277.01,79,70,0.89,RU,Mon Oct  2 10:52:22 2023
251,bor,56.3567,44.0669,287.1,56,100,2.2,RU,Mon Oct  2 10:52:22 2023
252,petropavlovsk-kamchatsky,53.0452,158.6483,281.48,87,100,8.0,RU,Mon Oct  2 10:52:22 2023
253,ciudad lazaro cardenas,17.9583,-102.2,302.02,78,91,1.13,MX,Mon Oct  2 10:52:22 2023
254,siwa oasis,29.2041,25.5195,303.01,29,71,4.08,EG,Mon Oct  2 10:52:23 2023
255,kalevala,65.2,31.1667,280.98,85,65,4.02,RU,Mon Oct  2 10:52:23 2023
256,la passe,45.5549,-0.8967,305.28,41,2,5.59,FR,Mon Oct  2 10:52:23 2023
257,necochea,-38.5473,-58.7368,288.74,57,84,6.04,AR,Mon Oct  2 10:52:23 2023
258,portland,45.5234,-122.6762,285.82,84,100,1.34,US,Mon Oct  2 10:52:23 2023
259,sanliurfa,37.2128,38.7817,296.08,36,88,1.13,TR,Mon Oct  2 10:52:23 2023
260,kourou,5.1552,-52.6478,305.18,57,79,5.1,GF,Mon Oct  2 10:52:23 2023
261,robore,-18.3333,-59.75,303.2,66,55,0.0,BO,Mon Oct  2 10:52:23 2023
262,manokwari,-0.8667,134.0833,298.79,84,83,0.85,ID,Mon Oct  2 10:49:21 2023
263,palmer,42.1584,-72.3287,294.77,59,40,4.63,US,Mon Oct  2 10:52:24 2023
264,usogorsk,63.4106,48.6872,280.35,86,100,3.98,RU,Mon Oct  2 10:52:24 2023
265,miches,18.9836,-69.0476,300.26,78,96,3.9,DO,Mon Oct  2 10:52:24 2023
266,tamandare,-8.7597,-35.1047,301.3,57,2,3.91,BR,Mon Oct  2 10:52:24 2023
267,bodaybo,57.8506,114.1933,272.41,93,94,0.88,RU,Mon Oct  2 10:52:24 2023
268,yinchuan,38.4681,106.2731,291.44,50,0,1.55,CN,Mon Oct  2 10:50:39 2023
269,taghazout,30.5426,-9.7112,310.58,30,68,6.22,MA,Mon Oct  2 10:52:24 2023
270,mana,5.6592,-53.7767,304.64,60,99,5.42,GF,Mon Oct  2 10:52:25 2023
271,timbuktu,16.7735,-3.0074,312.81,20,49,5.51,ML,Mon Oct  2 10:52:25 2023
272,vieux-habitants,16.0589,-61.7659,305.21,77,100,4.62,GP,Mon Oct  2 10:52:25 2023
273,kerikeri,-35.2268,173.9474,286.43,91,100,0.45,NZ,Mon Oct  2 10:52:25 2023
274,sukhodol,53.9006,51.2117,288.86,59,100,1.94,RU,Mon Oct  2 10:52:25 2023
275,poronaysk,49.2167,143.1167,284.42,91,100,5.27,RU,Mon Oct  2 10:52:25 2023
276,cole harbour,44.6724,-63.4751,293.11,71,1,6.69,CA,Mon Oct  2 10:52:25 2023
277,bel ombre,-4.6167,55.4167,301.06,78,20,6.69,SC,Mon Oct  2 10:52:25 2023
278,abepura,-2.6333,140.5833,296.6,94,75,2.06,ID,Mon Oct  2 10:52:26 2023
279,piacabucu,-10.4056,-36.4344,301.69,56,5,4.81,BR,Mon Oct  2 10:52:26 2023
280,tecate,32.5667,-116.6333,286.57,78,13,0.64,MX,Mon Oct  2 10:52:26 2023
281,tarrafal,15.2833,-23.7667,305.59,79,91,4.68,CV,Mon Oct  2 10:52:26 2023
282,tharangambadi,11.0319,79.8528,301.07,80,27,9.74,IN,Mon Oct  2 10:52:26 2023
283,turpan,42.9333,89.1667,297.12,26,91,1.31,CN,Mon Oct  2 10:52:26 2023
284,sibu,2.3,111.8167,300.32,94,20,0.0,MY,Mon Oct  2 10:52:26 2023
285,lata,40.1629,-8.3327,299.3,40,0,4.58,PT,Mon Oct  2 10:52:27 2023
286,turkmenbasy,40.0222,52.9552,299.58,17,0,4.12,TM,Mon Oct  2 10:52:27 2023
287,canico,32.6333,-16.85,302.43,75,20,5.14,PT,Mon Oct  2 10:52:27 2023
288,onda,39.9667,-0.25,303.24,76,0,3.79,ES,Mon Oct  2 10:52:27 2023
289,palu,-0.8917,119.8707,298.69,94,99,0.92,ID,Mon Oct  2 10:52:27 2023
290,constantia,44.1833,28.65,294.65,39,7,6.37,RO,Mon Oct  2 10:50:14 2023
291,chiredzi,-21.05,31.6667,296.26,44,83,5.41,ZW,Mon Oct  2 10:52:27 2023
292,tazacorte,28.629,-17.9293,299.69,74,0,4.63,ES,Mon Oct  2 10:52:27 2023
293,lluta,-16.0147,-72.0142,291.75,29,41,4.27,PE,Mon Oct  2 10:52:28 2023
294,catriel,-37.8791,-67.7956,292.37,27,35,9.63,AR,Mon Oct  2 10:48:19 2023
295,vyazemskiy,47.5378,134.7525,281.48,89,99,2.25,RU,Mon Oct  2 10:52:28 2023
296,aasiaat,68.7098,-52.8699,269.82,62,1,5.92,GL,Mon Oct  2 10:52:28 2023
297,kincardine,56.0667,-3.7167,289.97,76,100,5.33,GB,Mon Oct  2 10:52:28 2023
298,ilha de mocambique,-15.0342,40.7358,299.53,76,2,5.62,MZ,Mon Oct  2 10:52:28 2023
299,miracema do tocantins,-9.5618,-48.3967,314.07,14,83,3.52,BR,Mon Oct  2 10:52:28 2023
300,kimberley,-28.7323,24.7623,304.98,20,20,4.12,ZA,Mon Oct  2 10:52:28 2023
301,ongole,15.5,80.05,302.64,68,99,2.74,IN,Mon Oct  2 10:50:28 2023
302,ghat,24.9647,10.1728,306.72,19,42,4.71,LY,Mon Oct  2 10:52:29 2023
303,pueblo nuevo,23.3833,-105.3833,292.08,66,13,0.85,MX,Mon Oct  2 10:52:29 2023
304,nizhniy kuranakh,58.8353,125.4869,277.63,93,97,1.93,RU,Mon Oct  2 10:52:29 2023
305,pokhara,28.2333,83.9833,294.97,86,100,2.85,NP,Mon Oct  2 10:52:29 2023
306,broome,42.2506,-75.833,294.93,85,75,0.0,US,Mon Oct  2 10:52:29 2023
307,sairang,23.8,92.6667,297.39,99,49,1.12,IN,Mon Oct  2 10:52:29 2023
308,toliara,-23.35,43.6667,296.56,60,69,8.88,MG,Mon Oct  2 10:52:29 2023
309,huangmei,30.1924,116.025,293.37,82,78,2.15,CN,Mon Oct  2 10:52:29 2023
310,pontes e lacerda,-15.2261,-59.3353,312.15,27,71,2.78,BR,Mon Oct  2 10:51:21 2023
311,pimentel,-6.8367,-79.9342,296.31,68,0,8.23,PE,Mon Oct  2 10:52:30 2023
312,apaxco de ocampo,19.9739,-99.1739,290.54,64,43,1.05,MX,Mon Oct  2 10:52:30 2023
313,floro,61.5996,5.0328,287.13,77,75,8.23,NO,Mon Oct  2 10:52:30 2023
314,kalaleh,37.3807,55.4916,299.93,29,75,3.09,IR,Mon Oct  2 10:52:30 2023
315,newman,37.3138,-121.0208,286.62,81,2,0.45,US,Mon Oct  2 10:52:30 2023
316,suntar,62.1444,117.6319,273.22,74,100,1.79,RU,Mon Oct  2 10:52:30 2023
317,pathein,16.7833,94.7333,297.13,98,100,1.64,MM,Mon Oct  2 10:52:30 2023
318,fortuna,40.5982,-124.1573,281.66,100,40,2.57,US,Mon Oct  2 10:52:31 2023
319,katsuura,35.1333,140.3,294.96,57,38,3.39,JP,Mon Oct  2 10:52:31 2023
320,lamu,-2.2717,40.902,301.27,78,59,6.0,KE,Mon Oct  2 10:52:31 2023
321,zouerate,22.7187,-12.4521,311.21,9,6,5.04,MR,Mon Oct  2 10:52:31 2023
322,akrehamn,59.2667,5.1833,288.71,72,40,7.72,NO,Mon Oct  2 10:52:31 2023
323,berezovo,63.9381,65.0419,286.46,78,58,6.26,RU,Mon Oct  2 10:52:31 2023
324,andalusia,31.3085,-86.4833,297.43,69,0,3.6,US,Mon Oct  2 10:52:31 2023
325,kristiansund,63.1115,7.732,285.18,82,75,1.03,NO,Mon Oct  2 10:52:31 2023
326,boquira,-12.8231,-42.7306,310.64,23,1,1.45,BR,Mon Oct  2 10:52:32 2023
327,kedrovyy,56.1667,91.8167,276.5,63,100,2.78,RU,Mon Oct  2 10:52:32 2023
328,vilyuchinsk,52.9306,158.4028,282.3,83,100,12.81,RU,Mon Oct  2 10:52:32 2023
329,burang,30.25,81.1667,279.82,74,42,3.22,CN,Mon Oct  2 10:52:32 2023
330,madison,34.7334,-86.5667,298.93,69,0,2.57,US,Mon Oct  2 10:48:09 2023
331,tezonapa,18.6092,-96.6917,299.51,80,96,0.43,MX,Mon Oct  2 10:52:32 2023
332,mil'kovo,55.6078,37.7956,286.37,57,83,4.23,RU,Mon Oct  2 10:52:32 2023
333,bamboo flat,11.7,92.7167,299.2,89,75,2.06,IN,Mon Oct  2 10:52:33 2023
334,mount gambier,-37.8333,140.7667,292.9,46,99,5.48,AU,Mon Oct  2 10:52:33 2023
335,machico,32.7,-16.7667,302.43,74,20,5.14,PT,Mon Oct  2 10:52:33 2023
336,antsiranana,-12.2787,49.2917,299.57,65,40,3.09,MG,Mon Oct  2 10:52:33 2023
337,ancud,-41.8697,-73.8203,282.25,64,16,1.16,CL,Mon Oct  2 10:52:33 2023
338,remire-montjoly,4.9167,-52.2667,305.17,58,75,6.17,GF,Mon Oct  2 10:52:33 2023
339,new norfolk,-42.7826,147.0587,282.87,72,0,1.21,AU,Mon Oct  2 10:52:33 2023
340,coahuayana de hidalgo,18.7,-103.6583,300.94,85,100,0.59,MX,Mon Oct  2 10:52:33 2023
341,saipan,15.1355,145.701,301.54,89,40,5.14,MP,Mon Oct  2 10:52:33 2023
342,sukhoy log,56.9094,62.0296,285.68,71,99,4.63,RU,Mon Oct  2 10:52:34 2023
343,buala,-8.145,159.5921,299.71,88,100,2.32,SB,Mon Oct  2 10:52:34 2023
344,bo phloi,14.3236,99.5161,298.44,86,84,2.55,TH,Mon Oct  2 10:52:34 2023
345,fallon,39.4735,-118.7774,282.08,87,75,2.06,US,Mon Oct  2 10:51:49 2023
346,miquelon,47.0975,-56.3814,290.15,82,1,4.11,PM,Mon Oct  2 10:52:34 2023
347,pinhao,-25.6956,-51.6597,297.52,49,49,3.21,BR,Mon Oct  2 10:52:34 2023
348,maun,-19.9833,23.4167,310.13,25,0,4.12,BW,Mon Oct  2 10:52:34 2023
349,benguela,-12.5763,13.4055,297.77,71,26,3.7,AO,Mon Oct  2 10:52:34 2023
350,alakurtti,66.9672,30.3491,276.79,66,76,0.91,RU,Mon Oct  2 10:52:34 2023
351,puerto colombia,10.9878,-74.9547,304.2,67,100,0.6,CO,Mon Oct  2 10:52:34 2023
352,vila franca do campo,37.7167,-25.4333,295.38,66,100,4.58,PT,Mon Oct  2 10:52:35 2023
353,brigantine,39.4101,-74.3646,297.06,76,0,4.63,US,Mon Oct  2 10:52:35 2023
354,al wafrah,28.6392,47.9306,306.04,18,1,3.48,KW,Mon Oct  2 10:52:35 2023
355,santa marta,11.2408,-74.199,303.18,70,20,4.63,CO,Mon Oct  2 10:50:27 2023
356,fuding,27.3273,120.214,293.57,85,70,1.25,CN,Mon Oct  2 10:52:35 2023
357,margate,51.3813,1.3862,294.99,82,100,0.89,GB,Mon Oct  2 10:52:35 2023
358,crane,31.3974,-102.3501,296.94,70,73,8.97,US,Mon Oct  2 10:52:35 2023
359,yoloten,37.2989,62.3597,296.09,19,63,5.79,TM,Mon Oct  2 10:52:35 2023
360,klyuchi,52.2667,79.1667,281.07,45,2,3.24,RU,Mon Oct  2 10:52:35 2023
361,maintirano,-18.0667,44.0167,299.54,74,1,7.02,MG,Mon Oct  2 10:52:36 2023
362,bonthe,7.5264,-12.505,301.92,71,100,4.31,SL,Mon Oct  2 10:52:36 2023
363,island harbour,50.724,-1.2758,293.81,89,100,4.47,GB,Mon Oct  2 10:52:36 2023
364,nadi,-17.8,177.4167,295.15,73,40,4.12,FJ,Mon Oct  2 10:52:36 2023
365,reiskirchen,50.6,8.8333,299.01,62,73,0.89,DE,Mon Oct  2 10:52:36 2023
366,langepas,61.2544,75.2124,283.92,76,100,6.81,RU,Mon Oct  2 10:52:36 2023
367,queenstown,-31.8976,26.8753,300.94,14,0,4.32,ZA,Mon Oct  2 10:52:36 2023
368,dzhangala,49.2167,50.3333,291.36,42,64,2.22,KZ,Mon Oct  2 10:52:36 2023
369,beloyarskiy,63.7119,66.6722,282.59,88,95,4.02,RU,Mon Oct  2 10:52:36 2023
370,khandyga,62.6667,135.6,277.55,90,81,1.84,RU,Mon Oct  2 10:52:37 2023
371,sault ste. marie,46.5168,-84.3333,291.46,96,75,2.57,CA,Mon Oct  2 10:51:55 2023
372,mahina,-17.5065,-149.489,297.02,88,75,4.63,PF,Mon Oct  2 10:52:37 2023
373,swan hill,-35.3378,143.5544,301.29,26,93,9.3,AU,Mon Oct  2 10:52:37 2023
374,rongelap,11.1635,166.8941,301.75,80,100,5.37,MH,Mon Oct  2 10:52:37 2023
375,santana,-0.0583,-51.1817,306.25,58,40,5.14,BR,Mon Oct  2 10:52:37 2023
376,matoury,4.8483,-52.3317,305.13,58,75,6.17,GF,Mon Oct  2 10:50:58 2023
377,hepingjie,42.0597,126.9158,280.49,80,40,2.06,CN,Mon Oct  2 10:52:37 2023
378,goulburn,-34.75,149.7167,293.59,45,86,0.89,AU,Mon Oct  2 10:52:37 2023
379,tysmenytsya,48.9022,24.8448,291.23,48,4,2.1,UA,Mon Oct  2 10:52:38 2023
380,imam qasim,32.298,44.6828,309.18,19,84,2.0,IQ,Mon Oct  2 10:47:51 2023
381,berezovyy,51.6667,135.7,280.13,90,100,1.3,RU,Mon Oct  2 10:52:38 2023
382,zaozersk,69.4005,32.4476,275.69,73,90,4.46,RU,Mon Oct  2 10:52:38 2023
383,richfield,44.8833,-93.283,297.23,64,0,4.63,US,Mon Oct  2 10:52:38 2023
384,galliano,29.4422,-90.2992,302.15,65,40,5.66,US,Mon Oct  2 10:52:38 2023
385,selkirk,50.1436,-96.8845,289.88,94,100,0.45,CA,Mon Oct  2 10:52:38 2023
386,port-vila,-17.7338,168.3219,295.93,83,75,5.66,VU,Mon Oct  2 10:52:38 2023
387,puerto san jose,13.9256,-90.8244,300.95,81,98,0.73,GT,Mon Oct  2 10:52:38 2023
388,rosa zarate,0.3333,-79.4667,301.49,71,99,1.5,EC,Mon Oct  2 10:48:13 2023
389,abengourou,6.7297,-3.4964,301.14,88,74,1.51,CI,Mon Oct  2 10:52:39 2023
390,concepcion,-36.827,-73.0498,286.04,62,40,4.63,CL,Mon Oct  2 10:51:41 2023
391,nuuk,64.1835,-51.7216,275.49,80,75,2.06,GL,Mon Oct  2 10:52:39 2023
392,ha'il,27.5219,41.6907,311.16,12,20,5.14,SA,Mon Oct  2 10:52:39 2023
393,chokwe,-24.5333,32.9833,295.87,44,35,4.78,MZ,Mon Oct  2 10:52:39 2023
394,juan griego,11.0817,-63.9655,304.22,61,100,1.6,VE,Mon Oct  2 10:52:39 2023
395,amga,60.8953,131.9608,280.36,79,100,1.34,RU,Mon Oct  2 10:52:39 2023
396,shingu,33.7333,135.9833,289.64,71,67,2.83,JP,Mon Oct  2 10:52:39 2023
397,kamphaeng phet,16.25,99.5,298.42,89,62,1.4,TH,Mon Oct  2 10:52:39 2023
398,nizhneangarsk,55.7833,109.55,275.93,52,92,1.79,RU,Mon Oct  2 10:52:40 2023
399,timimoun,29.2639,0.231,306.36,16,0,7.2,DZ,Mon Oct  2 10:52:40 2023
400,arraial do cabo,-22.9661,-42.0278,295.13,88,75,4.12,BR,Mon Oct  2 10:52:01 2023
401,sandnessjoen,66.0217,12.6316,283.38,81,75,5.66,NO,Mon Oct  2 10:52:40 2023
402,adygeysk,44.88,39.19,298.03,49,20,3.0,RU,Mon Oct  2 10:52:40 2023
403,djenne,13.9061,-4.5533,310.99,27,100,2.42,ML,Mon Oct  2 10:52:40 2023
404,nova vicosa,-17.8919,-39.3719,301.04,62,100,2.65,BR,Mon Oct  2 10:52:40 2023
405,camocim,-2.9022,-40.8411,306.28,50,95,6.83,BR,Mon Oct  2 10:50:42 2023
406,mugia,43.1041,-9.2179,296.57,80,100,6.65,ES,Mon Oct  2 10:52:40 2023
407,kokopo,-4.352,152.2633,298.12,88,100,3.07,PG,Mon Oct  2 10:52:40 2023
408,kyzyl-suu,42.3414,78.0056,284.52,60,100,1.05,KG,Mon Oct  2 10:52:41 2023
409,okhotsk,59.3833,143.3,279.33,77,34,2.8,RU,Mon Oct  2 10:52:41 2023
410,lodwar,3.1191,35.5973,308.7,26,25,6.59,KE,Mon Oct  2 10:52:41 2023
411,sechura,-5.5569,-80.8222,297.14,61,32,5.66,PE,Mon Oct  2 10:52:41 2023
412,sidi salim,31.271,30.7867,299.21,47,100,5.62,EG,Mon Oct  2 10:52:41 2023
413,ain taya,36.7933,3.2869,301.06,57,20,5.66,DZ,Mon Oct  2 10:52:41 2023
414,mejit,10.2753,170.8646,301.77,77,100,6.55,MH,Mon Oct  2 10:52:41 2023
415,saudarkrokur,65.7461,-19.6394,276.97,93,100,6.55,IS,Mon Oct  2 10:52:41 2023
416,erenhot,43.6475,111.9767,289.32,27,9,5.03,CN,Mon Oct  2 10:52:41 2023
417,nguigmi,14.2495,13.1092,303.41,41,100,5.77,NE,Mon Oct  2 10:52:42 2023
418,midvagur,62.0511,-7.1939,284.61,87,100,7.72,FO,Mon Oct  2 10:52:42 2023
419,cekerek,40.0731,35.4947,288.05,71,100,2.61,TR,Mon Oct  2 10:52:42 2023
420,skowhegan,44.7651,-69.7192,292.58,47,2,1.22,US,Mon Oct  2 10:52:42 2023
421,madalena,41.2162,-8.3345,299.13,67,4,4.29,PT,Mon Oct  2 10:52:42 2023
422,corinto,37.9407,22.9573,298.65,49,5,2.93,GR,Mon Oct  2 10:52:42 2023
423,duyun,26.2667,107.5167,294.45,96,40,1.14,CN,Mon Oct  2 10:52:42 2023
424,patterson,37.4716,-121.1297,287.07,81,3,0.82,US,Mon Oct  2 10:50:20 2023
425,akureyri,65.6835,-18.0878,279.11,75,100,6.17,IS,Mon Oct  2 10:52:42 2023
426,kingston,17.997,-76.7936,307.17,70,20,2.24,JM,Mon Oct  2 10:51:11 2023
427,lucapa,-8.4192,20.7447,303.84,42,58,1.24,AO,Mon Oct  2 10:52:43 2023
428,bocas del toro,9.3333,-82.25,303.18,80,100,2.24,PA,Mon Oct  2 10:52:35 2023
429,tralee,52.2704,-9.7026,288.29,82,20,1.03,IE,Mon Oct  2 10:52:43 2023
430,lanskroun,49.9122,16.6119,298.84,53,55,1.08,CZ,Mon Oct  2 10:52:43 2023
431,nikko,36.75,139.6167,285.58,64,56,2.65,JP,Mon Oct  2 10:52:43 2023
432,pontiac,42.6389,-83.2911,297.1,67,0,0.0,US,Mon Oct  2 10:52:43 2023
433,flying fish cove,-10.4217,105.6791,296.97,83,75,5.66,CX,Mon Oct  2 10:52:43 2023
434,shalqar,47.8333,59.6,290.01,40,3,2.77,KZ,Mon Oct  2 10:52:43 2023
435,tsiombe,-25.3,45.4833,292.67,60,100,5.62,MG,Mon Oct  2 10:52:43 2023
436,port lavaca,28.615,-96.6261,303.14,84,40,5.14,US,Mon Oct  2 10:52:44 2023
437,fort mcmurray,56.7268,-111.381,280.92,87,100,1.03,CA,Mon Oct  2 10:52:42 2023
438,lys'va,58.1086,57.8053,285.85,82,97,2.95,RU,Mon Oct  2 10:52:44 2023
439,abay,49.6311,72.8539,281.36,77,100,7.08,KZ,Mon Oct  2 10:52:44 2023
440,huicungo,-7.2833,-76.8,301.29,74,20,0.0,PE,Mon Oct  2 10:52:44 2023
441,quixeramobim,-5.1992,-39.2928,308.53,27,8,3.35,BR,Mon Oct  2 10:51:22 2023
442,saskatoon,52.1168,-106.6345,279.14,95,100,4.12,CA,Mon Oct  2 10:50:48 2023
443,nar'yan-mar,67.6713,53.087,280.43,92,99,6.71,RU,Mon Oct  2 10:52:44 2023
444,sao gabriel da cachoeira,-0.1303,-67.0892,304.04,70,0,1.03,BR,Mon Oct  2 10:52:44 2023
445,luderitz,-26.6481,15.1594,292.32,64,1,4.71,NA,Mon Oct  2 10:52:44 2023
446,yakutsk,62.0339,129.7331,280.88,93,100,3.13,RU,Mon Oct  2 10:52:44 2023
447,buckeye,33.3703,-112.5838,296.43,43,0,0.0,US,Mon Oct  2 10:52:45 2023
448,talnakh,69.4865,88.3972,269.38,80,100,5.24,RU,Mon Oct  2 10:52:45 2023
449,lagoa santa,-19.6272,-43.8897,299.73,67,40,4.12,BR,Mon Oct  2 10:52:45 2023
450,sokol,59.4617,40.1206,283.7,80,93,1.6,RU,Mon Oct  2 10:52:45 2023
451,port shepstone,-30.7414,30.455,292.91,69,0,13.0,ZA,Mon Oct  2 10:52:45 2023
452,santa rosa misiones,-26.8667,-56.85,298.69,39,2,2.17,PY,Mon Oct  2 10:52:45 2023
453,santa elena de uairen,4.6167,-61.1333,303.48,31,97,4.07,VE,Mon Oct  2 10:52:45 2023
454,qulsary,46.9531,54.0198,293.87,35,17,4.43,KZ,Mon Oct  2 10:52:45 2023
455,sao joao da barra,-21.6403,-41.0511,297.2,82,98,3.73,BR,Mon Oct  2 10:52:45 2023
456,juan aldama,24.2908,-103.3944,293.11,54,34,3.72,MX,Mon Oct  2 10:52:46 2023
457,plastun,44.7561,136.2939,287.09,57,72,6.26,RU,Mon Oct  2 10:52:46 2023
458,kooringal,-35.1428,147.3771,294.55,52,100,4.7,AU,Mon Oct  2 10:52:46 2023
459,ilheus,-14.7889,-39.0494,301.05,69,40,5.66,BR,Mon Oct  2 10:52:46 2023
460,dryden,49.7833,-92.7503,293.31,77,0,4.63,CA,Mon Oct  2 10:52:46 2023
461,ivdel',60.6911,60.4206,286.03,73,100,3.63,RU,Mon Oct  2 10:52:46 2023
462,uglegorsk,49.0833,142.0333,286.26,89,100,12.14,RU,Mon Oct  2 10:52:46 2023
463,dongola,19.1667,30.4833,315.65,8,30,5.69,SD,Mon Oct  2 10:52:46 2023
464,ar rass,25.8694,43.4973,307.71,10,1,3.58,SA,Mon Oct  2 10:52:46 2023
465,fisterra,42.9049,-9.2629,296.49,82,100,6.16,ES,Mon Oct  2 10:52:46 2023
466,soligalich,59.0778,42.2864,283.33,86,100,1.83,RU,Mon Oct  2 10:52:47 2023
467,una,20.8167,71.0333,298.27,69,0,3.87,IN,Mon Oct  2 10:52:47 2023
468,celestun,20.8667,-90.4,303.15,65,33,2.24,MX,Mon Oct  2 10:52:47 2023
469,zajas,41.6072,20.9383,293.33,38,3,3.1,MK,Mon Oct  2 10:52:47 2023
470,diego de almagro,-26.3667,-70.05,295.71,27,0,2.76,CL,Mon Oct  2 10:48:17 2023
471,ketchikan,55.3422,-131.6461,284.41,93,100,3.6,US,Mon Oct  2 10:52:47 2023
472,tamanrasset,22.785,5.5228,300.1,29,40,3.09,DZ,Mon Oct  2 10:52:47 2023
473,zapolyarnyy,69.4154,30.8136,276.75,83,98,5.11,RU,Mon Oct  2 10:52:47 2023
474,khabarovsk,48.4808,135.0928,282.04,89,0,5.81,RU,Mon Oct  2 10:51:34 2023
475,amos,48.5669,-78.1162,293.02,73,78,5.62,CA,Mon Oct  2 10:52:48 2023
476,volosovo,59.4333,29.4833,284.71,65,99,1.45,RU,Mon Oct  2 10:52:48 2023
477,mount isa,-20.7333,139.5,290.02,36,0,0.0,AU,Mon Oct  2 10:52:48 2023
478,port hedland,-20.3167,118.5667,297.18,83,5,5.66,AU,Mon Oct  2 10:52:48 2023
479,surab,28.4914,66.2585,290.56,16,0,2.58,PK,Mon Oct  2 10:52:48 2023
480,dimbokro,6.6451,-4.7048,302.26,76,67,2.31,CI,Mon Oct  2 10:52:48 2023
481,taiyuan,37.8694,112.5603,288.07,63,58,2.0,CN,Mon Oct  2 10:52:48 2023
482,kimbe,-5.5502,150.1429,297.58,94,94,2.1,PG,Mon Oct  2 10:52:48 2023
483,hammerfest,70.6634,23.6821,275.4,87,40,0.0,NO,Mon Oct  2 10:52:48 2023
484,kirakira,-10.4544,161.9205,299.66,89,84,5.92,SB,Mon Oct  2 10:52:48 2023
485,kavieng,-2.5744,150.7967,300.05,81,73,1.96,PG,Mon Oct  2 10:52:49 2023
486,labrador city,52.9463,-66.9114,279.1,61,75,5.14,CA,Mon Oct  2 10:52:49 2023
487,kingscliff,-28.2667,153.5667,292.04,77,0,3.6,AU,Mon Oct  2 10:52:49 2023
488,embarcacion,-23.209,-64.096,304.94,36,0,2.87,AR,Mon Oct  2 10:52:49 2023
489,deniliquin,-35.5333,144.9667,299.9,27,64,8.9,AU,Mon Oct  2 10:52:49 2023
490,gadzhiyevo,69.2551,33.3362,276.14,66,86,4.9,RU,Mon Oct  2 10:52:49 2023
491,talodi,10.6325,30.3797,303.52,60,93,4.08,SD,Mon Oct  2 10:52:49 2023
492,haiku-pauwela,20.9219,-156.3051,298.17,82,0,3.6,US,Mon Oct  2 10:52:49 2023
493,sao raimundo das mangabeiras,-7.0219,-45.4811,312.27,20,41,3.29,BR,Mon Oct  2 10:52:49 2023
494,tubarjal,30.4999,38.216,303.33,30,74,4.68,SA,Mon Oct  2 10:52:49 2023
495,sidareja,-7.4846,108.7923,295.65,95,76,0.34,ID,Mon Oct  2 10:52:50 2023
496,el oued,33.3561,6.8632,301.98,37,0,3.09,DZ,Mon Oct  2 10:52:50 2023
497,saundatti,15.7833,75.1167,297.33,83,97,3.82,IN,Mon Oct  2 10:52:50 2023
498,oroqen zizhiqi,50.5667,123.7167,280.19,70,61,0.61,CN,Mon Oct  2 10:52:50 2023
499,chopda,21.25,75.3,299.93,70,57,3.99,IN,Mon Oct  2 10:52:50 2023
500,figeac,44.75,1.9167,301.36,28,3,3.07,FR,Mon Oct  2 10:52:50 2023
501,wajir,1.7471,40.0573,308.13,36,40,3.6,KE,Mon Oct  2 10:52:50 2023
502,bandarbeyla,9.4942,50.8122,299.71,86,19,7.62,SO,Mon Oct  2 10:52:50 2023
503,saint-philippe,-21.3585,55.7679,297.92,83,51,2.14,RE,Mon Oct  2 10:52:50 2023
504,atar,20.5169,-13.0499,312.98,8,6,1.86,MR,Mon Oct  2 10:52:50 2023
505,phalaborwa,-23.943,31.1411,295.75,46,44,3.63,ZA,Mon Oct  2 10:52:51 2023
506,sovetskiy,61.3614,63.5842,285.31,72,30,4.92,RU,Mon Oct  2 10:52:51 2023
507,les cayes,18.2,-73.75,304.56,64,100,2.56,HT,Mon Oct  2 10:52:51 2023
508,lockwood,45.8191,-108.4149,284.06,85,100,1.54,US,Mon Oct  2 10:52:51 2023
509,mapimi,25.8167,-103.85,296.12,62,48,3.04,MX,Mon Oct  2 10:52:51 2023
510,tomatlan,19.9333,-105.25,300.05,84,68,1.05,MX,Mon Oct  2 10:52:51 2023
511,gwanda,-20.9333,29.0,295.91,44,4,6.65,ZW,Mon Oct  2 10:52:51 2023
512,grahamstown,-33.3042,26.5328,292.57,27,0,3.48,ZA,Mon Oct  2 10:52:51 2023
513,eskisehir,39.7767,30.5206,289.08,72,75,3.6,TR,Mon Oct  2 10:52:51 2023
514,northam,51.0333,-4.2167,292.96,98,100,2.18,GB,Mon Oct  2 10:52:52 2023
515,la foa,-21.7108,165.8276,292.77,77,11,2.13,NC,Mon Oct  2 10:52:52 2023
516,lorengau,-2.0226,147.2712,299.99,81,100,2.74,PG,Mon Oct  2 10:52:52 2023
517,pemangkat,1.1667,108.9667,299.6,81,71,4.35,ID,Mon Oct  2 10:52:52 2023
518,lewiston orchards,46.3804,-116.9754,286.1,81,100,2.06,US,Mon Oct  2 10:52:52 2023
519,vilyuysk,63.7553,121.6247,277.04,86,100,5.36,RU,Mon Oct  2 10:52:52 2023
520,al kharijah,25.4514,30.5464,306.07,21,55,8.41,EG,Mon Oct  2 10:52:52 2023
521,taro,-8.3862,115.28,295.15,96,53,0.26,ID,Mon Oct  2 10:52:52 2023
522,san mateo del mar,16.2,-95.0,302.8,68,100,10.02,MX,Mon Oct  2 10:52:52 2023
523,punta del este,-34.9667,-54.95,288.21,82,20,4.12,UY,Mon Oct  2 10:52:52 2023
524,acarau,-2.8856,-40.12,305.09,56,88,8.2,BR,Mon Oct  2 10:52:53 2023
525,colac,-38.3333,143.5833,293.19,44,27,4.25,AU,Mon Oct  2 10:52:53 2023
526,pitiquito,30.7,-112.0833,293.84,64,0,3.14,MX,Mon Oct  2 10:52:53 2023
527,nikolayevsk-on-amure,53.1406,140.73,281.22,97,100,3.77,RU,Mon Oct  2 10:52:53 2023
528,upper grand lagoon,30.1633,-85.7408,298.75,71,3,3.13,US,Mon Oct  2 10:52:53 2023
529,plouzane,48.3833,-4.6167,292.33,94,100,7.2,FR,Mon Oct  2 10:52:53 2023
530,geraldton,-28.7667,114.6,288.38,51,40,4.63,AU,Mon Oct  2 10:52:53 2023
531,siuna,13.7332,-84.7773,302.52,69,19,1.34,NI,Mon Oct  2 10:52:53 2023
532,las tablas,7.7667,-80.2833,302.23,74,95,1.46,PA,Mon Oct  2 10:52:53 2023
533,isla vista,34.4133,-119.861,289.72,82,0,2.57,US,Mon Oct  2 10:52:53 2023
534,tan-tan,28.438,-11.1032,311.12,18,0,7.2,MA,Mon Oct  2 10:52:54 2023
535,nagato,34.3833,131.2,292.36,61,84,4.4,JP,Mon Oct  2 10:52:54 2023
536,swedru,5.5371,-0.6998,302.3,69,71,4.16,GH,Mon Oct  2 10:52:54 2023
537,san pedro pochutla,15.7333,-96.4667,300.43,78,100,0.36,MX,Mon Oct  2 10:52:54 2023
538,hluti,-27.2167,31.6167,294.27,41,3,3.39,SZ,Mon Oct  2 10:52:54 2023
539,mathba,22.2855,89.9629,299.5,88,5,2.65,BD,Mon Oct  2 10:52:54 2023
540,demyansk,57.643,32.466,284.57,74,88,1.8,RU,Mon Oct  2 10:52:54 2023
541,fort st. john,56.2499,-120.8529,279.09,87,75,4.12,CA,Mon Oct  2 10:52:54 2023
542,port alfred,-33.5906,26.891,296.03,68,0,2.68,ZA,Mon Oct  2 10:52:54 2023
543,villa corzo,16.1667,-93.25,296.81,90,94,1.31,MX,Mon Oct  2 10:52:54 2023
544,tharad,24.3961,71.6267,301.49,35,70,3.72,IN,Mon Oct  2 10:52:55 2023
545,vozhega,60.4725,40.2213,281.61,79,98,1.85,RU,Mon Oct  2 10:52:55 2023
546,ariquemes,-9.9133,-63.0408,311.12,31,49,1.81,BR,Mon Oct  2 10:52:55 2023
547,cabedelo,-6.9811,-34.8339,303.52,61,82,5.48,BR,Mon Oct  2 10:50:06 2023
548,laguna,38.421,-121.4238,286.92,87,0,0.0,US,Mon Oct  2 10:52:55 2023
549,sakaiminato,35.55,133.2333,288.14,88,75,4.12,JP,Mon Oct  2 10:52:55 2023
550,luanda,-8.8368,13.2343,300.15,65,20,6.69,AO,Mon Oct  2 10:51:52 2023
551,mossel bay,-34.1831,22.146,302.11,59,0,2.43,ZA,Mon Oct  2 10:52:55 2023
552,markaz-e hukumat-e darweshan,31.1323,64.1934,297.02,11,0,2.6,AF,Mon Oct  2 10:52:55 2023
553,yarmouth,41.7057,-70.2286,293.13,76,0,6.17,US,Mon Oct  2 10:52:55 2023
554,fort bragg,35.139,-79.006,298.05,67,0,3.09,US,Mon Oct  2 10:52:56 2023
555,isangel,-19.55,169.2667,294.73,79,61,6.87,VU,Mon Oct  2 10:52:56 2023
556,goundam,16.4145,-3.6708,313.26,19,33,3.68,ML,Mon Oct  2 10:52:56 2023
557,novaya lyalya,59.055,60.599,285.94,77,100,4.24,RU,Mon Oct  2 10:52:56 2023
558,songea,-10.6833,35.65,301.79,30,20,4.12,TZ,Mon Oct  2 10:52:56 2023
559,bulolo,-7.2,146.65,295.59,99,100,0.13,PG,Mon Oct  2 10:52:56 2023
560,sarai ekdil,26.75,79.1,300.78,49,4,2.78,IN,Mon Oct  2 10:52:56 2023
561,labytnangi,66.6572,66.4183,282.07,80,49,4.76,RU,Mon Oct  2 10:52:56 2023
562,afif,23.9065,42.9172,305.24,10,2,3.31,SA,Mon Oct  2 10:52:56 2023
563,bechar,31.6167,-2.2167,304.33,16,0,2.06,DZ,Mon Oct  2 10:52:57 2023
564,moyynkum,44.2914,72.9469,293.51,36,99,3.95,KZ,Mon Oct  2 10:52:57 2023
565,kruisfontein,-34.0033,24.7314,299.48,32,0,3.41,ZA,Mon Oct  2 10:52:57 2023
566,nouadhibou,20.931,-17.0347,304.14,42,0,5.14,MR,Mon Oct  2 10:52:57 2023
567,talara,-4.5772,-81.2719,296.57,73,75,8.46,PE,Mon Oct  2 10:52:57 2023
568,pangody,65.85,74.4859,282.39,94,100,8.15,RU,Mon Oct  2 10:52:57 2023
569,banyo,6.75,11.8167,297.69,82,89,0.7,CM,Mon Oct  2 10:52:57 2023
570,den burg,53.0542,4.7972,295.37,86,100,3.09,NL,Mon Oct  2 10:52:57 2023
571,freetown,8.484,-13.2299,302.99,79,75,5.66,SL,Mon Oct  2 10:52:57 2023
572,rikaze,29.25,88.8833,287.52,45,54,2.91,CN,Mon Oct  2 10:52:57 2023
573,vytegra,61.0064,36.4481,284.46,90,100,8.05,RU,Mon Oct  2 10:52:58 2023
574,mogocha,53.7333,119.7667,281.9,65,100,1.34,RU,Mon Oct  2 10:52:58 2023
575,kill devil hills,36.0307,-75.676,296.16,69,0,6.17,US,Mon Oct  2 10:51:09 2023
576,tra vinh,9.9347,106.3453,297.08,97,100,2.62,VN,Mon Oct  2 10:52:58 2023
577,tashir,41.1207,44.2846,285.52,76,95,0.44,AM,Mon Oct  2 10:52:58 2023
578,hermansverk,61.1846,6.8502,286.4,71,40,1.54,NO,Mon Oct  2 10:52:58 2023
579,lodja,-3.4833,23.4333,301.27,60,97,2.13,CD,Mon Oct  2 10:52:58 2023
